guest_name,guest_id,guest_url
مامان بزرگ عزیزم,7UT7TsPy,https://wedding-card-sr.vercel.app/7UT7TsPy
عمو عباس به همراه خانواده‌ عزیزشون,7da0tEY7,https://wedding-card-sr.vercel.app/7da0tEY7
عمو امید به همراه خانواده‌‌ عزیزشون,kTFhEskx,https://wedding-card-sr.vercel.app/kTFhEskx
عمو امید و عمه پریسای عزیزم به همراه خانواده,vu8Hiveo,https://wedding-card-sr.vercel.app/vu8Hiveo
عمو محسن و عمه مرجان عزیزم به همراه خانواده,OZg3G12g,https://wedding-card-sr.vercel.app/OZg3G12g
دایی شهاب و زن دایی سیواز عزیزم,8iW0OmOU,https://wedding-card-sr.vercel.app/8iW0OmOU
دایی شاهین و زن دایی مهری عزیزم به همراه خانواده,D1vtbWzd,https://wedding-card-sr.vercel.app/D1vtbWzd
دایی رضا و زن دایی شعله عزیزم به همراه خانواده,IoqulL19,https://wedding-card-sr.vercel.app/IoqulL19
داداش فریاد و مونا عزیزم به همراه خانواده,qhMHPJfs,https://wedding-card-sr.vercel.app/qhMHPJfs
خاله خدیجه عزیزم,BzxsL4qI,https://wedding-card-sr.vercel.app/BzxsL4qI
دایی زِرو و خاله صدیقه عزیزم به همراه خانواده,AKgjnlrB,https://wedding-card-sr.vercel.app/AKgjnlrB
دایی سیتو و خاله ندیفه عزیزم به همراه خانواده,aSHccfFu,https://wedding-card-sr.vercel.app/aSHccfFu
داداش دانیال و خاله فریبا عزیزم به همراه خانواده,xCvTHRUH,https://wedding-card-sr.vercel.app/xCvTHRUH
دایی احمد عزیزم به همراه خانواده,UTHFPHnb,https://wedding-card-sr.vercel.app/UTHFPHnb
دایی حسن عزیزم به همراه خانواده,kZZjCwzN,https://wedding-card-sr.vercel.app/kZZjCwzN
دایی یعقوب و خاله ایران عزیزم به همراه خانواده,y815nA0d,https://wedding-card-sr.vercel.app/y815nA0d
دایی محمود و زن دایی فریده عزیزم به همراه خانواده,hbLEVyHU,https://wedding-card-sr.vercel.app/hbLEVyHU
حسین و پریسای عزیزم به همراه خانواده,6qFNuXoh,https://wedding-card-sr.vercel.app/6qFNuXoh
آقا آرش و رقیه عزیزم به همراه خانواده,O6NWmj8t,https://wedding-card-sr.vercel.app/O6NWmj8t
آقا محمد و فاطمه عزیزم به همراه خانواده,iHzEQpOo,https://wedding-card-sr.vercel.app/iHzEQpOo
دایی محمد و زن دایی احترام عزیزم به همراه خانواده,hxMgh6pK,https://wedding-card-sr.vercel.app/hxMgh6pK
آقای فرید فر و خاله مهناز عزیزم,jHVxi1pX,https://wedding-card-sr.vercel.app/jHVxi1pX
واسه یکی از بهترین اتفاقای زندگیم: ماندانا (ممد قلبم),aX0UaPrO,https://wedding-card-sr.vercel.app/aX0UaPrO
آقای جمشیدی به همراه خانواده محترم,Xtd2JKeB,https://wedding-card-sr.vercel.app/Xtd2JKeB
آقا رامین و مهشید عزیز,O0bDfK1u,https://wedding-card-sr.vercel.app/O0bDfK1u
آرمین و افسانه عزیزم,dnUbhxM4,https://wedding-card-sr.vercel.app/dnUbhxM4
عمو علی‌کرم و همسر عزیزشون,JwazfFS1,https://wedding-card-sr.vercel.app/JwazfFS1
آقای مجید شکوه به همراه خانواده محترم,A2uynT7x,https://wedding-card-sr.vercel.app/A2uynT7x
آقای امید کرمی به همراه خانواده محترم,NSHM8Qhg,https://wedding-card-sr.vercel.app/NSHM8Qhg
آقای نعمت کرمی به همراه خانواده محترم,Nug1iZtw,https://wedding-card-sr.vercel.app/Nug1iZtw
آقای علی کرمی به همراه خانواده محترم,xTFcY2y9,https://wedding-card-sr.vercel.app/xTFcY2y9
خاله فرشته عزیزم,7NYvqXCf,https://wedding-card-sr.vercel.app/7NYvqXCf
خاله نسا عزیزم,vDc5Dyhf,https://wedding-card-sr.vercel.app/vDc5Dyhf
عمو سعید و زن عمو سولماز عزیز به همراه خانواده,occUZltK,https://wedding-card-sr.vercel.app/occUZltK
آقای کشت‌ورز به همراه خانواده,OyX2Pgym,https://wedding-card-sr.vercel.app/OyX2Pgym
خاله فرحناز عزیزم به همراه خانواده,IyJaRAUU,https://wedding-card-sr.vercel.app/IyJaRAUU
آقا امیر و نگین عزیزم,aQ5e1U8T,https://wedding-card-sr.vercel.app/aQ5e1U8T
دوست مهربونم مریم,lWoP4KD2,https://wedding-card-sr.vercel.app/lWoP4KD2
حدیث عزیزم,Nbbr7Don,https://wedding-card-sr.vercel.app/Nbbr7Don
آقای دکتر و خانم غلامی‌پور عزیزم,xzhPteu4,https://wedding-card-sr.vercel.app/xzhPteu4
یار ماندانای عزیزم، حسین جان,9lE7JMWn,https://wedding-card-sr.vercel.app/9lE7JMWn
آقای پاسبانی به همراه خاله مژگان عزیز,ytO2uPT2,https://wedding-card-sr.vercel.app/ytO2uPT2
آیدا و ویدای عزیزم,7kafdfUN,https://wedding-card-sr.vercel.app/7kafdfUN
داداش مبین و مارال عزیزم به همراه خانواده محترم,bcxGGy6w,https://wedding-card-sr.vercel.app/bcxGGy6w
داداش محسن و نیلوفر عزیزم,xfHoZ0ua,https://wedding-card-sr.vercel.app/xfHoZ0ua
داداش امین و عالیه عزیزم به همراه ایلمان جوجو,6lfZgOJf,https://wedding-card-sr.vercel.app/6lfZgOJf
آقای عبدالله کشکولی به همراه خانواده محترم,CfzruUkq,https://wedding-card-sr.vercel.app/CfzruUkq
آقای محمود افتخارزاده به همراه خانواده محترم,9on2QOwv,https://wedding-card-sr.vercel.app/9on2QOwv
آقای حسین حمیدزاده به همراه خانواده محترم,cEmipqeK,https://wedding-card-sr.vercel.app/cEmipqeK
دایی خانباز عزیزتر از جانم به همراه خانواده محترم,wGIYCyFK,https://wedding-card-sr.vercel.app/wGIYCyFK
دایی مهدی به همراه مادر محترم,LK1aiJD0,https://wedding-card-sr.vercel.app/LK1aiJD0
زندایی هما به همراه خانواده,zsfrV4jT,https://wedding-card-sr.vercel.app/zsfrV4jT
آقای سهراب عیدی زاده به همراه خانواده محترم,ttDZnNHB,https://wedding-card-sr.vercel.app/ttDZnNHB
آقا فرزاد به همراه همسرم محترم,QzEPMaMV,https://wedding-card-sr.vercel.app/QzEPMaMV
آقا نادر جان و فروغ عزیز,GJnkPj8U,https://wedding-card-sr.vercel.app/GJnkPj8U
آقای مهدی شفیع نیا,2aFur8yk,https://wedding-card-sr.vercel.app/2aFur8yk
مسعود عزیزم,oHTf3Ip2,https://wedding-card-sr.vercel.app/oHTf3Ip2
آقا ابلفضل عزیز به همراه همسر,Pd1w6vaR,https://wedding-card-sr.vercel.app/Pd1w6vaR
جناب  مهدی زیوری پناه به همراه مادر و همسر محترمه,6faF0NDk,https://wedding-card-sr.vercel.app/6faF0NDk
جناب صمد نصیری به همراه همسر محترم,xLJgQWdI,https://wedding-card-sr.vercel.app/xLJgQWdI
جناب غلامرضا افراسیابی به همراه همسر محترم,qnCPD81I,https://wedding-card-sr.vercel.app/qnCPD81I
جناب ستار فروتن به همراه خانواده محترم,7RnbrWP6,https://wedding-card-sr.vercel.app/7RnbrWP6
جناب قاسم گنجه‌ای به همراه همسر محترم,BrbBpOMe,https://wedding-card-sr.vercel.app/BrbBpOMe
جناب حیدر جهانگیریان به همراه همسر محترم,XcEpNxZ0,https://wedding-card-sr.vercel.app/XcEpNxZ0
خواهران عزیز سحر و گوهر صادقی به همراه خانواده محترم,sxoVCvNG,https://wedding-card-sr.vercel.app/sxoVCvNG
جناب محمدرضا آزادی به همراه همسر محترم,IK9UvazB,https://wedding-card-sr.vercel.app/IK9UvazB
خواهر عزیز فاطمه‌ی پابرجا,6h6uh8P0,https://wedding-card-sr.vercel.app/6h6uh8P0
آقای بهنام عباسی به همراه خانواده محترم,jdfidfofnhdo,https://wedding-card-sr.vercel.app/jdfidfofnhdo
آقای بهمن جوانمرد به همراه خانواده,vnmrdjeif,https://wedding-card-sr.vercel.app/vnmrdjeif
مریم کشت ورز به همراه خانواده محترم,kshteibk4,https://wedding-card-sr.vercel.app/kshteibk4
آقای علی موسوی به همراه خانواده محترم,msvir3hcpp,https://wedding-card-sr.vercel.app/msvir3hcpp
آقای مانی عباس نژاد و مونیکای عزیزم,absde233jei,https://wedding-card-sr.vercel.app/absde233jei
جناب عباس هادیخواه همراه با خانواده محترم,hadje3rn,https://wedding-card-sr.vercel.app/hadje3rn
جناب مسعود افشار به همراه خانواده محترم,sjdkfnief3r,https://wedding-card-sr.vercel.app/sjdkfnief3r
جناب آقای داریوش عادلخانی به همراه نازنین عزیز,fjiefmf3,https://wedding-card-sr.vercel.app/fjiefmf3 
جناب آقای مجتبی صفایی به همراه همسر محترم,mgjeno3jfr,https://wedding-card-sr.vercel.app/mgjeno3jfr
جناب آقای محمد حبیب و میترا عزیز,mfhbsu3m,https://wedding-card-sr.vercel.app/mfhbsu3m
خانم سعیدی عزیز, ff2d3,https://wedding-card-sr.vercel.app/ff2d3
جناب حمیدرضا مرادی و همسر محترمه,gfefjei,https://wedding-card-sr.vercel.app/gfefjei
جناب شاهرخ مرادی و همسر محترمه,hdfie92r,https://wedding-card-sr.vercel.app/hdfie92r